Activiteittype,Datum,Favoriet,Titel,Afstand,Calorieën,Tijd,Gem. HS,Max. HS,Training effect aeroob,Gem. loopcadans,Max. loopcadans,Gemiddeld tempo,Beste tempo,Totale stijging,Totale daling,Gem. staplengte,Gemiddelde verticale ratio,Gem. verticale oscillatie,Gem. grondcontacttijd,Gem. balans grondcontacttijd,Gem. GAP,Gem. loopcadans,Max. loopcadans,Normalized Power® (NP®),Training Stress Score®,Maximaal gemiddeld vermogen (20 min),Gem. vermogen,Max. vermogen,Totaal aantal slagen,Gemiddelde Swolf,Gem. slagsnelheid,Stappen,Totaal herhalingen,Totaal sets,Min. temp.,Decompressie,Beste rondetijd,Aantal ronden,Max. temp.,Gem ademh,Min ademh,Max ademh,Stresswijziging,Stress vooraf,Stress achteraf,Gemiddelde stress,Max stress,Tijd bewogen,Verstreken tijd,Minimum hoogte,Maximum hoogte
Hardlopen,2025-05-19 09:50:28,false,"Amsterdam Hardlopen","5.48","281","00:28:01","151","169","3.2","181","202","5:07","3:34","14","8","1.07","8.1","8.6","228","--","5:06","--","--","225","0.0","--","222","398","--","--","--","5,074","--","--","--","Nee","00:02:17.6","6","--","--","--","--","--","--","--","--","--","00:27:52","00:34:55","1","10"
Hardlopen,2025-05-18 20:03:44,false,"Amsterdam Hardlopen","5.25","280","00:30:28","141","151","3.0","178","239","5:48","5:00","17","11","0.97","8.7","8.4","241","--","5:45","--","--","203","0.0","--","200","292","--","--","--","5,422","--","--","--","Nee","00:01:29.1","6","--","--","--","--","--","--","--","--","--","00:30:24","00:30:28","-2","7"
Wegwielrennen,2025-05-18 09:22:31,false,"Renkum Wegwielrennen","120.19","1,812","04:16:05","151","181","5.0","--","--","28.2","50.4","853","848","--","--","--","--","--","--","--","--","--","0.0","--","--","--","--","--","--","--","--","--","13.0","Nee","00:00:34.3","25","29.0","37","16","49","--","--","--","--","--","04:15:16","05:04:08","4","108"
Hardlopen,2025-05-16 10:52:12,false,"Amsterdam Hardlopen","8.83","457","00:47:10","145","167","3.8","181","193","5:21","3:33","19","23","1.02","8.2","8.3","230","--","5:19","--","--","215","0.0","--","213","359","--","--","--","8,208","--","--","--","Nee","00:04:42.7","9","--","--","--","--","--","--","--","--","--","00:46:55","00:56:41","-2","10"
Wegwielrennen,2025-05-15 18:46:39,false,"Diemen Wegwielrennen","64.34","944","02:21:15","149","180","5.0","--","--","27.3","39.0","161","165","--","--","--","--","--","--","--","--","--","0.0","--","--","--","--","--","--","--","--","--","12.0","Nee","00:08:47.1","13","18.0","36","23","44","--","--","--","--","--","02:20:50","02:27:12","-5","11"
Hardlopen,2025-05-15 12:36:00,false,"Amsterdam Hardlopen","3.41","183","00:19:42","140","159","2.7","172","187","5:47","4:21","11","10","0.99","9.1","9.0","249","--","5:47","--","--","204","0.0","--","200","304","--","--","--","3,238","--","--","--","Nee","00:02:10.8","4","--","--","--","--","--","--","--","--","--","00:19:41","00:19:42","-3","5"
Hardlopen,2025-05-14 19:29:01,false,"Amsterdam Hardlopen","5.93","266","00:26:08","156","164","3.4","188","198","4:24","3:25","4","4","1.20","7.2","8.6","208","--","4:23","--","--","264","0.0","--","258","358","--","--","--","4,882","--","--","--","Nee","00:00:09.9","8","--","--","--","--","--","--","--","--","--","00:26:05","00:26:08","-1","3"
Hardlopen,2025-05-14 19:06:43,false,"Amsterdam Hardlopen","0.83","45","00:05:12.8","131","142","1.5","159","197","6:17","3:31","--","--","1.02","8.0","8.1","226","--","5:53","--","--","205","0.0","--","180","309","--","--","--","942","--","--","--","Nee","00:05:12.8","1","--","--","--","--","--","--","--","--","--","00:04:27","00:05:12.8","-3","-1"
Zwembad,2025-05-12 21:04:04,false,"Zwembad","1,725","443","00:57:43","133","170","3.1","--","--","2:07","1:27","--","--","--","--","--","--","--","--","--","--","--","0.0","--","--","--","988","46","27","--","--","--","--","Nee","00:00:04.2","47","--","--","--","--","--","--","--","--","--","00:36:24","01:11:28","--","--"
Zwembad,2025-05-09 16:10:20,false,"Zwembad","1,650","359","00:46:05","133","159","3.0","--","--","2:08","0:32","--","--","--","--","--","--","--","--","--","--","--","0.0","--","--","--","889","46","25","--","--","--","--","Nee","00:00:02.0","37","--","--","--","--","--","--","--","--","--","00:35:16","00:47:15","--","--"
Wegwielrennen,2025-05-08 18:35:19,false,"Amsterdam Wegwielrennen","58.45","873","02:05:11","143","171","4.0","--","--","28.0","40.1","103","105","--","--","--","--","--","--","--","--","--","0.0","--","--","--","--","--","--","--","--","--","15.0","Nee","00:06:55.4","12","18.0","34","18","42","--","--","--","--","--","02:04:56","02:21:40","-3","11"
Wegwielrennen,2025-05-08 18:05:50,false,"Amsterdam Wegwielrennen","3.74","74","00:08:32.4","150","167","2.2","--","--","26.3","33.7","8","8","--","--","--","--","--","--","--","--","--","0.0","--","--","--","--","--","--","--","--","--","19.0","Nee","00:08:32.4","1","22.0","34","25","40","--","--","--","--","--","00:08:30","00:09:04.0","-3","3"
Hardlopen,2025-05-07 18:27:29,false,"Amsterdam - My first fast session","7.41","380","00:38:15","155","174","3.8","174","250","5:10","3:23","9","8","1.07","7.6","7.8","216","--","5:08","--","--","231","0.0","--","205","332","--","--","--","6,854","--","--","--","Nee","00:00:01.2","23","--","--","--","--","--","--","--","--","--","00:38:08","00:39:06","-2","2"
Yoga,2025-05-06 18:44:15,false,"Yoga","--","34","00:16:07","79","100","0.1","--","--","--","--","--","--","--","--","--","--","--","--","--","--","--","0.0","--","--","--","--","--","--","--","--","1","--","Nee","00:16:07","1","--","14","7","20","-49","89","40","56","93","00:16:07","00:16:07","--","--"
Krachttraining,2025-05-06 18:06:54,false,"Strength","0.00","103","00:22:21","101","139","0.6","--","--","--","--","--","--","--","--","--","--","--","--","--","--","--","0.0","--","--","--","--","--","--","328","164","15","--","Nee","00:22:21","1","--","--","--","--","--","--","--","--","--","00:11:59","00:22:21","--","--"
Hardlopen,2025-05-04 13:01:40,false,"Breda Running","26.83","1,357","02:14:08","158","170","5.0","183","205","5:00","3:53","34","25","1.09","8.0","8.6","226","--","5:00","--","--","229","0.0","--","226","293","--","--","--","22,100","--","--","--","Nee","00:03:47.0","27","--","--","--","--","--","--","--","--","--","02:13:56","02:14:24","2","14"
Zwembad,2025-05-03 17:37:01,false,"Pool Swim","4,000","2,698","01:50:20","135","171","3.7","--","--","2:00","0:58","--","--","--","--","--","--","--","--","--","--","--","0.0","--","--","--","2104","43","26","--","--","--","--","Nee","00:00:01.7","103","--","--","--","--","--","--","--","--","--","01:20:21","01:57:10","--","--"
Wegwielrennen,2025-05-03 08:45:10,false,"Amsterdam Road Cycling","34.85","602","01:14:56","150","174","4.2","--","--","27.9","41.9","58","60","--","--","--","--","--","--","--","--","--","0.0","--","--","--","--","--","--","--","--","--","15.0","Nee","00:09:41.2","7","23.0","38","24","46","--","--","--","--","--","01:14:50","01:24:04","-4","8"
Wegwielrennen,2025-05-01 18:23:53,false,"Amsterdam Road Cycling","60.10","918","02:10:34","150","174","4.8","--","--","27.6","39.2","104","104","--","--","--","--","--","--","--","--","--","0.0","--","--","--","--","--","--","--","--","--","21.0","Nee","00:00:10.9","13","32.0","37","23","43","--","--","--","--","--","02:10:26","02:10:43","-3","11"
Hardlopen,2025-04-30 17:52:54,false,"Amsterdam Running","4.40","234","00:29:09","129","147","2.4","172","214","6:38","4:25","14","6","0.87","9.6","8.4","258","--","6:39","--","--","177","0.0","--","176","267","--","--","--","5,000","--","--","--","Nee","00:02:28.2","5","--","--","--","--","--","--","--","--","--","00:29:08","00:33:03","-3","7"
Hardlopen,2025-04-29 18:26:37,false,"Amsterdam Running","1.72","91","00:08:46.0","161","169","2.4","179","200","5:06","4:31","1","1","1.08","8.1","8.8","230","--","5:08","--","--","234","0.0","--","231","285","--","--","--","1,542","--","--","--","Nee","00:03:48.2","2","--","--","--","--","--","--","--","--","--","00:08:44.8","00:08:46.0","2","4"
Hardlopen,2025-04-29 18:17:51,false,"Amsterdam Running","1.83","77","00:07:10.7","164","172","2.4","188","205","3:56","3:26","2","--","1.32","6.7","8.9","197","--","3:57","--","--","273","0.0","--","269","317","--","--","--","1,354","--","--","--","Nee","00:03:18.5","2","--","--","--","--","--","--","--","--","--","00:07:10.2","00:07:10.7","6","9"
HIIT,2025-04-29 17:22:53,false,"HIIT","0.00","270","00:37:16","131","167","2.7","--","--","--","--","--","--","--","--","--","--","--","--","--","--","--","0.0","--","--","--","--","--","--","724","362","36","--","Nee","00:37:16","1","--","--","--","--","--","--","--","--","--","00:20:59","00:37:16","--","--"
Zwembad,2025-04-28 21:03:12,false,"Pool Swim","1,625","369","00:57:30","119","160","2.6","--","--","2:05","1:04","--","--","--","--","--","--","--","--","--","--","--","0.0","--","--","--","834","44","25","--","--","--","--","Nee","00:00:00","61","--","--","--","--","--","--","--","--","--","00:33:46","01:03:49","--","--"
Wegwielrennen,2025-04-27 09:39:29,false,"Amsterdam Road Cycling","104.44","1,317","03:56:10","137","171","3.8","--","--","26.5","39.8","253","245","--","--","--","--","--","--","--","--","--","0.0","--","--","--","--","--","--","--","--","--","18.0","Nee","00:09:31.8","21","30.0","31","18","41","--","--","--","--","--","03:55:22","05:21:36","-3","20"
Hardlopen,2025-04-26 08:52:51,false,"Amsterdam Running","10.02","523","00:53:44","152","166","4.0","178","207","5:22","3:28","22","19","1.04","8.5","8.9","237","--","5:22","--","--","218","0.0","--","214","323","--","--","--","9,538","--","--","--","Nee","00:00:05.7","11","--","--","--","--","--","--","--","--","--","00:53:41","00:53:44","-1","7"
Wegwielrennen,2025-04-25 16:50:36,false,"Amsterdam Road Cycling","52.43","949","01:57:27","149","169","4.4","--","--","26.8","36.5","121","121","--","--","--","--","--","--","--","--","--","0.0","--","--","--","--","--","--","--","--","--","14.0","Nee","00:05:20.2","11","20.0","36","26","44","--","--","--","--","--","01:57:14","02:02:39","-5","11"
Hardlopen,2025-04-23 18:37:49,false,"Amsterdam Running","8.02","419","00:44:03","146","169","3.7","174","207","5:30","3:13","18","16","1.03","8.8","9.0","242","--","5:31","--","--","213","0.0","--","209","344","--","--","--","7,716","--","--","--","Nee","00:00:10.2","9","--","--","--","--","--","--","--","--","--","00:43:59","00:44:20","-2","7"
HIIT,2025-04-22 18:18:42,false,"HIIT","0.00","243","00:37:07","123","161","2.3","--","--","--","--","--","--","--","--","--","--","--","--","--","--","--","0.0","--","--","--","--","--","--","712","356","36","--","Nee","00:37:07","1","--","--","--","--","--","--","--","--","--","00:25:53","00:37:07","--","--"
Zwembad,2025-04-22 15:41:37,false,"ATAC Tuesday Swim","2,000","276","00:51:39","108","139","2.0","--","--","2:15","1:41","--","--","--","--","--","--","--","--","--","--","--","0.0","--","--","--","1083","47","24","--","--","--","--","Nee","00:00:00.8","35","--","--","--","--","--","--","--","--","--","00:45:05","00:57:04","--","--"
Hardlopen,2025-04-21 15:35:59,false,"Amsterdam Running","5.07","266","00:28:26","145","155","3.2","169","184","5:37","4:05","15","8","1.04","9.0","9.4","249","--","5:38","--","--","208","0.0","--","207","310","--","--","--","4,818","--","--","--","Nee","00:00:24.7","6","--","--","--","--","--","--","--","--","--","00:28:20","00:32:53","-2","6"
Wegwielrennen,2025-04-19 09:05:59,false,"Valkenburg aan de Geul Road Cycling","143.30","2,218","05:52:14","148","175","5.0","--","--","24.4","58.4","2,031","1,962","--","--","--","--","--","--","--","--","--","0.0","--","--","--","--","--","--","--","--","--","12.0","Nee","00:08:30.8","29","25.0","35","19","44","--","--","--","--","--","05:51:44","07:14:43","56","326"
Zwembad,2025-04-17 17:04:32,false,"ATAC Friday Swim","2,000","257","00:46:26","118","152","2.2","--","--","2:11","1:46","--","--","--","--","--","--","--","--","--","--","--","0.0","--","--","--","1083","46","25","--","--","--","--","Nee","00:00:06.5","17","--","--","--","--","--","--","--","--","--","00:43:45","00:48:46","--","--"
Hardlopen,2025-04-16 16:43:39,false,"Amsterdam Running","2.62","137","00:15:06","143","156","2.5","170","244","5:46","3:29","3","1","1.02","9.1","9.3","250","--","5:43","--","--","207","0.0","--","203","356","--","--","--","2,584","--","--","--","Nee","00:03:27.3","3","--","--","--","--","--","--","--","--","--","00:15:01","00:15:06","-0","4"
Wegwielrennen,2025-04-15 09:33:37,false,"Amsterdam Road Cycling","31.18","536","01:18:07","142","163","3.5","--","--","24.0","36.0","75","73","--","--","--","--","--","--","--","--","--","0.0","--","--","--","--","--","--","--","--","--","17.0","Nee","00:03:08.1","7","23.0","34","21","42","--","--","--","--","--","01:17:42","01:23:12","-5","7"
Zwembad,2025-04-14 21:04:58,false,"Pool Swim","1,575","427","00:55:31","136","172","3.1","--","--","2:05","0:46","--","--","--","--","--","--","--","--","--","--","--","0.0","--","--","--","893","45","27","--","--","--","--","Nee","00:00:05.7","39","--","--","--","--","--","--","--","--","--","00:32:46","00:57:02","--","--"
HIIT,2025-04-14 17:15:43,false,"HIIT","0.00","271","00:39:10","128","164","2.5","--","--","--","--","--","--","--","--","--","--","--","--","--","--","--","0.0","--","--","--","--","--","--","596","298","28","--","Nee","00:39:10","1","--","--","--","--","--","--","--","--","--","00:30:19","00:39:10","--","--"
Wegwielrennen,2025-04-12 08:28:31,false,"Amsterdam Road Cycling","91.76","1,367","03:29:41","140","176","4.6","--","--","26.3","37.1","181","173","--","--","--","--","--","--","--","--","--","0.0","--","--","--","--","--","--","--","--","--","12.0","Nee","00:04:53.3","19","31.0","33","13","43","--","--","--","--","--","03:28:49","05:10:44","-1","9"
Zwembad,2025-04-09 19:44:12,false,"Pool Swim","1,550","209","00:38:06","111","135","1.9","--","--","2:08","1:36","--","--","--","--","--","--","--","--","--","--","--","0.0","--","--","--","843","46","25","--","--","--","--","Nee","00:00:04.0","19","--","--","--","--","--","--","--","--","--","00:33:04","00:38:47","--","--"
Zwembad,2025-04-07 21:01:35,false,"Pool Swim","1,325","321","00:58:18","110","154","2.5","--","--","2:20","1:07","--","--","--","--","--","--","--","--","--","--","--","0.0","--","--","--","760","49","25","--","--","--","--","Nee","00:00:01.3","30","--","--","--","--","--","--","--","--","--","00:30:54","00:59:03","--","--"
Wegwielrennen,2025-04-07 13:10:36,false,"Amsterdam Road Cycling","15.22","265","00:36:29","136","162","2.7","--","--","25.0","36.9","43","44","--","--","--","--","--","--","--","--","--","0.0","--","--","--","--","--","--","--","--","--","14.0","Nee","00:00:32.9","4","26.0","32","18","40","--","--","--","--","--","00:36:21","00:47:36","-4","5"
Wegwielrennen,2025-04-05 10:48:24,false,"Muro Road Cycling","20.19","336","00:40:38","145","163","3.3","--","--","29.8","35.1","31","31","--","--","--","--","--","--","--","--","--","0.0","--","--","--","--","--","--","--","--","--","24.0","Nee","00:00:37.2","5","29.0","37","29","44","--","--","--","--","--","00:40:33","00:40:50","-1","17"
Multisport,2025-04-05 10:26:30,false,"Muro Multisport","25.56","676","01:23:40","--","168","4.0","--","--","18.3","--","47","37","--","--","--","--","--","--","--","--","--","0.0","--","--","--","--","--","--","--","--","--","--","Nee","--:--:--","5","--","--","--","--","--","--","--","--","--","--:--:--","01:26:10","-6","17"
Wegwielrennen,2025-04-04 08:55:01,false,"Muro Road Cycling","111.25","2,281","05:15:35","151","182","5.0","--","--","21.2","55.5","2,063","2,053","--","--","--","--","--","--","--","--","--","0.0","--","--","--","--","--","--","--","--","--","17.0","Nee","00:03:04.3","23","32.0","36","17","53","--","--","--","--","--","05:14:48","07:45:46","1","728"
Zwembad,2025-04-03 16:23:47,false,"Pool Swim","1,450","2,199","00:57:17","108","158","2.0","--","--","2:14","0:58","--","--","--","--","--","--","--","--","--","--","--","0.0","--","--","--","748","46","23","--","--","--","--","Nee","00:00:03.7","65","--","--","--","--","--","--","--","--","--","00:32:19","01:26:22","--","--"
Wegwielrennen,2025-04-02 09:25:41,false,"Muro Road Cycling","139.11","2,709","06:59:59","141","173","5.0","--","--","19.9","58.3","2,386","2,385","--","--","--","--","--","--","--","--","--","0.0","--","--","--","--","--","--","--","--","--","12.0","Nee","00:08:44.8","28","36.0","33","16","45","--","--","--","--","--","06:53:53","10:16:17","-1","875"
Zwembad,2025-04-01 17:01:07,false,"Pool Swim","800","204","00:38:03","109","144","2.0","--","--","2:10","0:58","--","--","--","--","--","--","--","--","--","--","--","0.0","--","--","--","421","46","24","--","--","--","--","Nee","00:00:00.9","42","--","--","--","--","--","--","--","--","--","00:17:16","00:44:10","--","--"
Wegwielrennen,2025-04-01 12:35:53,false,"Petra Road Cycling","46.34","763","01:41:56","149","177","4.5","--","--","27.3","56.7","305","396","--","--","--","--","--","--","--","--","--","0.0","--","--","--","--","--","--","--","--","--","24.0","Nee","00:03:12.6","10","38.0","33","15","40","--","--","--","--","--","01:41:41","02:00:32","-0","148"
Wegwielrennen,2025-04-01 09:51:23,false,"Muro Road Cycling","30.77","530","01:10:01","142","169","3.5","--","--","26.4","50.0","321","237","--","--","--","--","--","--","--","--","--","0.0","--","--","--","--","--","--","--","--","--","19.0","Nee","00:01:40.4","7","24.0","32","19","42","--","--","--","--","--","01:09:52","01:15:13","4","174"
Hardlopen,2025-03-31 17:48:09,false,"Muro Running","2.54","137","00:15:35","139","151","2.4","167","187","6:09","4:56","3","8","0.98","9.5","9.2","258","--","6:05","--","--","200","0.0","--","196","267","--","--","--","2,622","--","--","--","Nee","00:03:11.4","3","--","--","--","--","--","--","--","--","--","00:15:28","00:16:02","1","8"
Zwembad,2025-03-31 16:25:56,false,"Pool Swim","1,050","326","00:46:08","130","166","2.8","--","--","2:25","0:41","--","--","--","--","--","--","--","--","--","--","--","0.0","--","--","--","567","50","22","--","--","--","--","Nee","00:00:03.3","43","--","--","--","--","--","--","--","--","--","00:25:27","01:08:28","--","--"
Wegwielrennen,2025-03-31 10:03:43,false,"Muro Road Cycling","65.08","1,289","02:48:15","150","181","5.0","--","--","23.2","52.1","893","903","--","--","--","--","--","--","--","--","--","0.0","--","--","--","--","--","--","--","--","--","17.0","Nee","00:00:14.9","14","32.0","33","15","44","--","--","--","--","--","02:46:53","04:30:11","1","223"
Wegwielrennen,2025-03-30 16:14:32,false,"Muro Road Cycling","41.68","845","01:46:52","158","182","5.0","--","--","23.4","52.3","381","409","--","--","--","--","--","--","--","--","--","0.0","--","--","--","--","--","--","--","--","--","18.0","Nee","00:04:54.6","9","27.0","35","22","43","--","--","--","--","--","01:46:43","02:07:30","0","361"
Wegwielrennen,2025-03-22 09:41:25,false,"Amsterdam Road Cycling","40.37","708","01:40:04","142","176","3.8","--","--","24.2","44.2","71","68","--","--","--","--","--","--","--","--","--","0.0","--","--","--","--","--","--","--","--","--","17.0","Nee","00:01:11.9","9","23.0","33","20","45","--","--","--","--","--","01:39:35","02:10:50","-3","8"
Wegwielrennen,2025-03-21 14:16:32,false,"Amsterdam Road Cycling","17.36","349","00:41:18","--","--","0.1","--","--","25.2","39.7","57","50","--","--","--","--","--","--","--","--","--","0.0","--","--","--","--","--","--","--","--","--","23.0","Nee","00:05:29.2","4","25.0","--","--","--","--","--","--","--","--","00:41:12","00:48:38","-1","9"
Zwembad,2025-03-19 14:17:17,false,"Pool Swim","1,075","205","00:34:06","115","145","2.1","--","--","2:32","1:40","--","--","--","--","--","--","--","--","--","--","--","0.0","--","--","--","637","53","23","--","--","--","--","Nee","00:00:00.8","24","--","--","--","--","--","--","--","--","--","00:27:14","00:41:51","--","--"
Zwembad,2025-03-17 21:05:59,false,"Pool Swim","1,400","322","00:59:34","110","152","2.3","--","--","2:09","0:48","--","--","--","--","--","--","--","--","--","--","--","0.0","--","--","--","718","45","24","--","--","--","--","Nee","00:00:07.5","60","--","--","--","--","--","--","--","--","--","00:30:02","01:01:44","--","--"
Hardlopen,2025-03-16 12:33:11,false,"Amsterdam Running","16.07","798","01:27:46","148","160","4.4","178","214","5:28","3:41","31","27","1.03","8.0","8.4","228","50.9% L / 49.1% R","5:28","--","--","205","0.0","--","203","312","--","--","--","15,434","--","--","--","Nee","00:00:20.8","17","--","39","19","48","--","--","--","--","--","01:27:38","01:27:50","-1","9"
Hardlopen,2025-03-14 13:18:48,false,"Amsterdam - Friday Running","7.26","355","00:36:13","158","178","4.0","175","240","4:59","3:03","16","15","1.12","8.2","9.0","230","--","4:58","--","--","236","0.0","--","225","348","--","--","--","6,266","--","--","--","Nee","00:00:01","11","--","--","--","--","--","--","--","--","--","00:36:09","00:36:13","-2","5"
Zwembad,2025-03-13 17:26:57,false,"Pool Swim","1,250","2,049","00:32:02","102","124","1.0","--","--","2:06","1:08","--","--","--","--","--","--","--","--","--","--","--","0.0","--","--","--","641","44","24","--","--","--","--","Nee","00:00:04.3","29","--","--","--","--","--","--","--","--","--","00:26:17","00:34:04","--","--"
Hardlopen,2025-03-12 19:32:43,false,"Amsterdam Running","4.99","237","00:21:36","174","181","4.0","185","211","4:20","3:07","1","1","1.24","6.8","8.8","189","49.6% L / 50.4% R","4:21","--","--","246","0.0","--","243","320","--","--","--","3,934","--","--","--","Nee","00:04:14.4","5","--","45","33","48","--","--","--","--","--","00:21:23","00:21:38","-1","1"
Hardlopen,2025-03-12 18:58:21,false,"Amsterdam Running","0.73","37","00:04:03.6","150","161","1.7","174","181","5:34","4:40","--","--","1.04","8.3","8.7","213","49.8% L / 50.2% R","5:26","--","--","197","0.0","--","196","243","--","--","--","702","--","--","--","Nee","00:04:03.6","1","--","33","30","37","--","--","--","--","--","00:04:03.6","00:04:42.2","2","3"
Zwembad,2025-03-11 15:53:32,false,"Pool Swim","1,400","125","00:37:32","87","116","0.4","--","--","2:01","1:12","--","--","--","--","--","--","--","--","--","--","--","0.0","--","--","--","685","42","24","--","--","--","--","Nee","00:00:02.0","35","--","--","--","--","--","--","--","--","--","00:28:10","00:39:08","--","--"
Hardlopen,2025-03-09 13:18:36,false,"Amsterdam Running","10.29","490","00:54:13","148","171","4.0","172","198","5:16","3:46","20","13","1.10","8.7","9.5","242","--","5:15","--","--","217","0.0","--","216","315","--","--","--","9,374","--","--","--","Nee","00:01:31.8","11","--","--","--","--","--","--","--","--","--","00:54:04","01:10:47","0","11"
Wegwielrennen,2025-03-08 09:40:22,false,"Amsterdam Road Cycling","92.18","1,613","03:26:39","155","179","5.0","--","--","26.8","39.0","150","148","--","--","--","--","--","--","--","--","--","0.0","--","--","--","--","--","--","--","--","--","13.0","Nee","00:05:54.8","19","23.0","35","21","44","--","--","--","--","--","03:25:38","04:31:19","-4","13"
Zwembad,2025-03-06 17:13:56,false,"Pool Swim","1,725","2,113","00:41:03","123","150","2.4","--","--","2:07","1:11","--","--","--","--","--","--","--","--","--","--","--","0.0","--","--","--","896","45","25","--","--","--","--","Nee","00:00:00.5","33","--","--","--","--","--","--","--","--","--","00:36:28","00:44:50","--","--"
Zwembad,2025-03-03 21:03:10,false,"Pool Swim","1,350","331","01:00:14","113","167","2.6","--","--","2:09","0:56","--","--","--","--","--","--","--","--","--","--","--","0.0","--","--","--","719","46","25","--","--","--","--","Nee","00:00:00.1","49","--","--","--","--","--","--","--","--","--","00:29:07","01:10:48","--","--"
Hardlopen,2025-03-01 15:29:10,false,"Amsterdam Running","13.68","619","01:14:53","152","168","4.0","174","185","5:28","3:34","25","17","1.05","8.0","8.5","235","50.5% L / 49.5% R","5:28","--","--","198","0.0","--","197","348","--","--","--","12,874","--","--","--","Nee","00:03:54.8","14","--","36","13","44","--","--","--","--","--","01:14:50","01:49:17","-3","6"
Hardlopen,2025-02-26 19:01:08,false,"Amsterdam Running","9.00","402","00:42:47","158","174","4.2","181","212","4:45","3:09","14","12","1.14","7.6","8.5","217","--","4:44","--","--","241","0.0","--","230","345","--","--","--","7,840","--","--","--","Nee","00:00:03.8","22","--","--","--","--","--","--","--","--","--","00:42:30","01:01:04","-2","3"
Zwembad,2025-02-24 21:02:16,false,"Pool Swim","1,550","374","00:57:07","133","172","3.1","--","--","2:12","1:03","--","--","--","--","--","--","--","--","--","--","--","0.0","--","--","--","897","48","26","--","--","--","--","Nee","00:00:07.1","59","--","--","--","--","--","--","--","--","--","00:34:10","01:01:40","--","--"
Hardlopen,2025-02-23 14:47:57,false,"Amsterdam Running","4.38","212","00:26:41","129","150","2.6","169","183","6:05","3:23","22","20","0.97","9.5","9.2","257","--","6:06","--","--","202","0.0","--","197","403","--","--","--","4,536","--","--","--","Nee","00:02:09.8","5","--","--","--","--","--","--","--","--","--","00:26:37","00:53:24","--","11"
Hardlopen,2025-02-19 18:56:42,false,"Amsterdam - Atac wed 19th feb","6.57","319","00:32:52","164","183","4.2","183","208","5:00","3:05","5","3","1.09","7.1","7.8","214","50.4% L / 49.6% R","5:00","--","--","218","0.0","--","210","340","--","--","--","5,920","--","--","--","Nee","00:00:27.2","14","--","39","17","49","--","--","--","--","--","00:32:46","00:50:59","-3","3"
Zwembad,2025-02-17 21:00:31,false,"Pool Swim","1,575","412","01:01:39","138","186","3.1","--","--","2:09","0:18","--","--","--","--","--","--","--","--","--","--","--","0.0","--","--","--","832","45","25","--","--","--","--","Nee","00:00:07.3","47","--","--","--","--","--","--","--","--","--","00:33:49","01:02:14","--","--"
Hardlopen,2025-02-16 10:21:37,false,"Amsterdam - Base","17.29","907","01:32:33","159","182","5.0","175","194","5:21","3:39","41","33","1.06","8.7","9.2","240","--","5:22","--","--","216","0.0","--","215","320","--","--","--","16,134","--","--","--","Nee","00:03:17.2","18","--","--","--","--","--","--","--","--","--","01:32:29","01:32:40","-4","10"
Zwembad,2025-02-13 15:48:02,false,"Pool Swim","1,375","297","00:37:53","142","162","3.0","--","--","2:07","1:33","--","--","--","--","--","--","--","--","--","--","--","0.0","--","--","--","729","45","25","--","--","--","--","Nee","00:00:02.2","33","--","--","--","--","--","--","--","--","--","00:29:01","00:40:00","--","--"
Hardlopen,2025-02-12 18:59:01,false,"Amsterdam Running","8.29","410","00:40:34","169","182","5.0","185","223","4:54","3:38","1","--","1.10","7.3","8.2","213","50.3% L / 49.7% R","4:55","--","--","218","0.0","--","213","288","--","--","--","7,390","--","--","--","Nee","00:01:22.1","9","--","39","24","46","--","--","--","--","--","00:40:23","00:56:48","-2","2"
Zwembad,2025-02-10 21:03:11,false,"Pool Swim","1,025","236","00:56:36","97","147","1.9","--","--","2:05","0:41","--","--","--","--","--","--","--","--","--","--","--","0.0","--","--","--","547","45","26","--","--","--","--","Nee","00:00:03.6","45","--","--","--","--","--","--","--","--","--","00:21:23","01:00:24","--","--"
Hardlopen,2025-02-09 09:41:31,false,"Amsterdam Running","8.87","448","00:49:08","150","172","4.0","175","186","5:32","4:09","21","14","1.02","8.7","8.9","241","--","5:32","--","--","207","0.0","--","205","299","--","--","--","8,396","--","--","--","Nee","00:04:43.5","9","--","--","--","--","--","--","--","--","--","00:48:59","00:49:22","-3","7"
Hardlopen,2025-02-09 09:02:23,false,"Amsterdam Running","4.91","258","00:27:25","156","176","3.5","170","194","5:35","3:38","16","9","1.05","9.0","9.4","247","--","5:33","--","--","204","0.0","--","202","327","--","--","--","4,730","--","--","--","Nee","00:04:41.2","5","--","--","--","--","--","--","--","--","--","00:27:16","00:27:51","-2","7"
Zwembad,2025-02-06 16:14:59,false,"Pool Swim","1,275","2,141","00:49:39","122","172","2.7","--","--","2:10","0:46","--","--","--","--","--","--","--","--","--","--","--","0.0","--","--","--","647","45","23","--","--","--","--","Nee","00:00:07.2","43","--","--","--","--","--","--","--","--","--","00:27:42","00:55:22","--","--"
Hardlopen,2025-02-05 18:58:28,false,"Amsterdam Running","8.83","435","00:46:10","161","181","4.6","180","215","5:14","3:38","5","3","1.06","7.5","7.9","218","50.2% L / 49.8% R","5:15","--","--","208","0.0","--","197","314","--","--","--","8,196","--","--","--","Nee","00:04:31.5","9","--","38","19","47","--","--","--","--","--","00:45:25","01:03:27","-3","1"
Zwembad,2025-02-03 21:04:24,false,"Pool Swim","1,275","311","01:00:42","122","158","2.5","--","--","2:19","0:58","--","--","--","--","--","--","--","--","--","--","--","0.0","--","--","--","685","48","23","--","--","--","--","Nee","00:00:05.6","38","--","--","--","--","--","--","--","--","--","00:29:38","01:06:34","--","--"
Hardlopen op een loopband,2025-02-03 14:45:21,false,"Treadmill Running","5.61","256","00:25:32","165","180","4.0","168","216","4:33","3:25","--","--","1.33","7.5","9.9","215","--","--","--","--","252","0.0","--","236","306","--","--","--","2,976","--","--","--","Nee","00:02:55.5","6","--","--","--","--","--","--","--","--","--","00:23:35","00:26:49","--","--"
Hardlopen,2025-02-02 13:55:11,false,"Amsterdam Running","9.42","453","00:51:48","144","155","3.8","171","196","5:30","3:36","27","21","1.06","9.0","9.5","247","--","5:30","--","--","213","0.0","--","210","335","--","--","--","8,912","--","--","--","Nee","00:01:56.0","10","--","--","--","--","--","--","--","--","--","00:51:36","00:51:48","-1","9"
Hardlopen,2025-01-31 15:45:51,false,"Amsterdam - Base","7.84","405","00:41:54","158","178","4.6","174","195","5:20","3:40","28","40","1.08","8.7","9.4","242","--","5:18","--","--","217","0.0","--","215","303","--","--","--","7,198","--","--","--","Nee","00:00:53.5","9","--","--","--","--","--","--","--","--","--","00:41:51","00:42:17","-4","9"
Zwembad,2025-01-27 21:03:20,false,"Pool Swim","1,650","2,282","00:59:58","144","177","3.5","--","--","2:27","1:13","--","--","--","--","--","--","--","--","--","--","--","0.0","--","--","--","914","51","23","--","--","--","--","Nee","00:00:06.9","37","--","--","--","--","--","--","--","--","--","00:40:26","01:00:41","--","--"
Hardlopen,2025-01-27 13:00:32,false,"Amsterdam - Base","5.55","287","00:30:19","156","166","3.8","175","200","5:27","3:27","37","26","1.04","8.6","8.9","240","--","5:23","--","--","215","0.0","--","212","377","--","--","--","5,262","--","--","--","Nee","00:00:18.8","7","--","--","--","--","--","--","--","--","--","00:30:15","00:30:25","-4","12"
Hardlopen,2025-01-22 15:21:25,false,"Dalaman Running","13.16","674","01:08:16","163","179","5.0","179","207","5:11","4:00","22","12","1.06","8.3","8.8","232","--","5:12","--","--","215","0.0","--","212","296","--","--","--","12,194","--","--","--","Nee","00:00:58.7","14","--","--","--","--","--","--","--","--","--","01:08:13","01:08:16","8","27"
Hardlopen,2025-01-20 14:28:03,false,"Dalaman - Sprint","7.41","384","00:43:36","149","163","3.6","165","250","5:53","2:32","7","9","1.00","9.3","9.1","255","--","5:54","--","--","192","0.0","--","187","408","--","--","--","7,242","--","--","--","Nee","00:00:06.0","17","--","--","--","--","--","--","--","--","--","00:43:30","00:43:36","6","12"
Wandelen,2025-01-19 16:17:59,false,"Dalaman Walking","2.43","139","00:48:59","84","109","0.5","86","236","20:12","4:38","127","115","0.58","--","--","--","--","--","--","--","--","0.0","--","--","--","--","--","--","5,098","--","--","--","Nee","00:09:23.8","3","--","--","--","--","--","--","--","--","--","00:45:30","00:56:49","332","467"
Hardlopen,2025-01-18 09:22:24,false,"Dalaman - Base","5.43","278","00:30:07","149","161","3.6","175","188","5:33","4:31","8","6","1.03","8.8","9.1","243","--","5:33","--","--","207","0.0","--","206","246","--","--","--","5,252","--","--","--","Nee","00:00:06.9","7","--","--","--","--","--","--","--","--","--","00:30:04","00:30:07","8","15"
Hardlopen,2025-01-17 18:16:23,false,"Dalaman - Sprint","8.90","437","00:50:36","143","158","3.6","172","244","5:41","2:29","4","4","1.01","9.1","9.0","248","--","5:40","--","--","201","0.0","--","197","418","--","--","--","8,616","--","--","--","Nee","00:00:06.3","23","--","--","--","--","--","--","--","--","--","00:50:26","00:50:36","8","12"
Zwembad,2025-01-13 21:04:19,false,"Pool Swim","1,600","2,180","00:52:58","127","165","2.8","--","--","2:22","0:57","--","--","--","--","--","--","--","--","--","--","--","0.0","--","--","--","842","49","22","--","--","--","--","Nee","00:00:01.0","59","--","--","--","--","--","--","--","--","--","00:37:53","01:15:21","--","--"
Hardlopen,2025-01-11 12:41:22,false,"Amsterdam - Base","7.28","374","00:40:35","149","160","4.0","169","197","5:34","4:02","16","10","1.05","8.9","9.2","246","--","5:35","--","--","205","0.0","--","200","295","--","--","--","6,984","--","--","--","Nee","00:00:35.0","9","--","--","--","--","--","--","--","--","--","00:40:29","00:40:35","-5","5"
Hardlopen,2025-01-08 17:19:52,false,"Amsterdam - Anaerobic","7.83","422","00:44:05","160","188","4.3","174","239","5:38","2:03","18","12","1.02","8.2","8.4","235","49.4% L / 50.6% R","5:37","--","--","198","0.0","--","190","510","--","--","--","7,550","--","--","--","Nee","00:00:05.2","17","--","37","16","46","--","--","--","--","--","00:44:03","00:44:05","-6","6"
Hardlopen,2025-01-05 14:12:19,false,"Amsterdam - Base","7.35","356","00:40:58","138","153","3.3","170","231","5:34","4:10","23","10","1.05","8.9","9.3","245","--","5:30","--","--","216","0.0","--","212","341","--","--","--","7,042","--","--","--","Nee","00:00:57.5","9","--","--","--","--","--","--","--","--","--","00:40:50","01:04:10","-4","6"
Fietsen,2025-01-04 10:06:36,false,"Cycling","32.73","642","01:13:58","147","179","--","--","--","26.5","52.2","--","--","--","--","--","--","--","--","83","146","108","0.0","--","88","500","--","--","--","--","--","--","--","Nee","01:13:58","1","--","--","--","--","--","--","--","--","--","01:13:57","01:13:57","--","--"
Krachttraining,2025-01-02 14:43:21,false,"Strength","0.00","273","01:00:18","106","146","2.0","--","--","--","--","--","--","--","--","--","--","--","--","--","--","--","0.0","--","--","--","--","--","--","266","133","21","--","Nee","01:00:18","1","--","--","--","--","--","--","--","--","--","00:31:43","01:02:27","--","--"
Hardlopen,2025-01-01 15:04:43,false,"Amsterdam - Base","5.53","258","00:30:06","135","151","3.2","172","231","5:27","3:55","43","39","1.07","8.8","9.4","243","--","5:25","--","--","218","0.0","--","216","377","--","--","--","5,192","--","--","--","Nee","00:00:06.3","7","--","--","--","--","--","--","--","--","--","00:29:54","00:30:42","-4","11"
Fietsen,2024-12-31 15:11:54,false,"Cycling","12.35","243","00:26:25","143","158","--","--","--","28.1","38.1","--","--","--","--","--","--","--","--","87","103","103","0.0","--","97","216","--","--","--","--","--","--","--","Nee","00:00:44","18","--","--","--","--","--","--","--","--","--","00:26:21","00:26:24","--","--"
Hardlopen,2024-12-30 17:41:34,false,"Amsterdam - Threshold","6.76","352","00:35:15","157","178","4.2","176","195","5:13","3:03","22","21","1.08","8.5","9.1","236","--","5:13","--","--","224","0.0","--","220","401","--","--","--","6,076","--","--","--","Nee","00:00:14.8","9","--","--","--","--","--","--","--","--","--","00:35:09","00:35:15","-7","4"
Hardlopen,2024-12-28 13:42:17,false,"Amsterdam Running","1.05","56","00:07:18.5","134","148","1.3","162","171","6:58","5:48","5","3","0.89","9.9","9.0","263","49.9% L / 50.1% R","6:56","--","--","170","0.0","--","165","245","--","--","--","1,176","--","--","--","Nee","00:00:19.8","2","--","34","24","39","--","--","--","--","--","00:07:15","00:07:18.5","0","7"
Hardlopen,2024-12-28 13:20:26,false,"Amsterdam Running","3.05","153","00:14:28","167","177","3.4","178","214","4:44","3:59","1","3","1.18","8.0","9.4","227","--","4:46","--","--","244","0.0","--","240","306","--","--","--","2,568","--","--","--","Nee","00:00:18.1","4","--","37","29","43","--","--","--","--","--","00:14:27","00:14:28","-0","3"
Hardlopen,2024-12-28 13:08:58,false,"Amsterdam Running","1.65","91","00:10:30","142","162","2.3","157","181","6:23","4:35","13","4","0.97","7.6","7.8","259","49.7% L / 50.3% R","6:20","--","--","198","0.0","--","172","266","--","--","--","1,618","--","--","--","Nee","00:04:52.1","2","--","33","15","37","--","--","--","--","--","00:10:30","00:10:57","-5","7"
Hardlopen,2024-12-25 17:18:04,false,"Amsterdam - Base","5.85","300","00:34:25","140","161","3.2","169","186","5:53","4:24","13","8","1.00","9.4","9.4","255","--","5:52","--","--","198","0.0","--","196","272","--","--","--","5,840","--","--","--","Nee","00:04:59.0","6","--","--","--","--","--","--","--","--","--","00:34:18","00:34:25","-6","4"
Hardlopen,2024-12-23 17:17:20,false,"Amsterdam - Base","5.49","276","00:30:12","145","155","3.4","174","200","5:30","2:36","11","8","1.03","8.9","9.1","244","--","5:33","--","--","212","0.0","--","210","447","--","--","--","5,206","--","--","--","Nee","00:00:12.2","7","--","--","--","--","--","--","--","--","--","00:30:08","00:30:12","-6","3"
Hardlopen,2024-12-22 08:33:15,false,"Amsterdam - Base","5.30","271","00:30:09","143","156","3.4","174","186","5:41","3:50","33","27","1.01","9.0","9.1","247","--","5:42","--","--","212","0.0","--","209","374","--","--","--","5,198","--","--","--","Nee","00:00:08.8","7","--","--","--","--","--","--","--","--","--","00:30:02","00:30:09","-5","6"
Indoorcycling,2024-12-20 17:01:45,false,"Indoor Cycling","0.00","275","00:41:45","136","175","3.2","--","--","--","--","--","--","--","--","--","--","--","--","--","--","--","0.0","--","--","--","--","--","--","--","--","--","--","Nee","00:41:45","1","--","--","--","--","--","--","--","--","--","00:00:00","00:41:45","--","--"
Hardlopen,2024-12-18 19:02:51,false,"Amsterdam Running","6.79","344","00:50:41","121","156","3.0","125","187","7:28","3:50","40","37","1.03","9.1","9.1","253","--","7:21","--","--","183","0.0","--","152","327","--","--","--","6,862","--","--","--","Nee","00:05:09.1","7","--","--","--","--","--","--","--","--","--","00:42:18","01:14:01","-2","10"
Zwembad,2024-12-16 21:03:25,false,"Pool Swim","1,125","2,146","00:43:47","131","181","3.0","--","--","2:17","0:32","--","--","--","--","--","--","--","--","--","--","--","0.0","--","--","--","613","48","24","--","--","--","--","Nee","00:00:04.2","42","--","--","--","--","--","--","--","--","--","00:25:40","01:19:44","--","--"
Indoorcycling,2024-12-14 09:15:34,false,"Indoor Cycling","0.00","413","00:55:39","146","177","4.5","--","--","--","--","--","--","--","--","--","--","--","--","--","--","--","0.0","--","--","--","--","--","--","--","--","--","--","Nee","00:55:39","1","--","--","--","--","--","--","--","--","--","00:00:00","00:55:39","--","--"
Hardlopen,2024-12-10 14:39:33,false,"Amsterdam - Base","8.51","397","00:44:37","142","168","4.1","173","200","5:15","2:29","23","16","1.09","8.6","9.3","239","--","5:13","--","--","223","0.0","--","219","317","--","--","--","7,778","--","--","--","Nee","00:00:22.5","10","--","--","--","--","--","--","--","--","--","00:44:28","00:46:10","-6","5"
Hardlopen,2024-12-07 12:19:39,false,"Amsterdam - Sprint","3.79","195","00:21:01","152","181","3.2","174","233","5:33","2:32","20","15","1.03","8.1","8.4","231","50.0% L / 50.0% R","5:34","--","--","199","0.0","--","195","395","--","--","--","3,614","--","--","--","Nee","00:00:15","9","--","36","24","41","--","--","--","--","--","00:20:57","00:25:54","-3","5"
Hardlopen,2024-12-05 17:47:23,false,"Amsterdam Running","6.06","290","00:37:33","128","150","3.0","171","197","6:12","4:14","22","8","0.94","9.4","8.8","254","--","6:08","--","--","189","0.0","--","186","279","--","--","--","6,434","--","--","--","Nee","00:00:20.7","7","--","--","--","--","--","--","--","--","--","00:37:22","00:41:22","-6","4"
Indoorcycling,2024-12-04 19:03:10,false,"Indoor Cycling","0.00","299","00:40:09","144","190","3.8","--","--","--","--","--","--","--","--","--","--","--","--","--","--","--","0.0","--","--","--","--","--","--","--","--","--","--","Nee","00:40:09","1","--","--","--","--","--","--","--","--","--","00:00:00","00:40:09","--","--"
Hardlopen,2024-12-01 14:36:28,false,"Amsterdam - Recovery","4.81","225","00:28:18","127","139","3.0","170","200","5:53","4:16","16","9","0.99","9.3","9.2","253","--","5:55","--","--","198","0.0","--","194","275","--","--","--","4,806","--","--","--","Nee","00:00:39.5","6","--","--","--","--","--","--","--","--","--","00:28:03","00:28:18","-4","6"
Virtueel fietsen,2024-11-30 08:44:59,false,"Zwift - Group Ride:  EVO CC Fusion Endurance Ride! [2.2-2.4w/kg avg] (D) on Greatest London Flat in London","26.06","311","00:52:23","152","174","4.3","--","--","29.8","51.7","182","--","--","--","--","--","--","--","71","110","122","0.0","112","103","413","--","--","--","--","--","--","--","Nee","00:52:23","1","--","--","--","--","--","--","--","--","--","00:52:18","00:52:22","3","34"
Hardlopen op een loopband,2024-11-27 13:55:50,false,"Treadmill Running","1.94","96","00:10:45","145","163","2.6","145","172","5:32","4:01","--","--","1.27","8.5","10.6","250","--","--","--","--","236","0.0","--","200","299","--","--","--","1,602","--","--","--","Nee","00:04:37.4","2","--","--","--","--","--","--","--","--","--","00:09:53","00:10:45","--","--"
Hardlopen,2024-11-21 19:17:04,false,"Amsterdam Running","2.86","141","00:16:44","135","146","2.8","168","222","5:51","3:03","5","--","1.00","9.4","9.3","256","--","5:52","--","--","206","0.0","--","200","412","--","--","--","2,826","--","--","--","Nee","00:04:48.9","3","--","--","--","--","--","--","--","--","--","00:16:37","00:16:44","-2","6"
Zwembad,2024-11-17 13:32:28,false,"Pool Swim","1,500","233","00:49:07","109","157","2.0","--","--","2:11","1:42","--","--","--","--","--","--","--","--","--","--","--","0.0","--","--","--","788","92","24","--","--","--","--","Nee","00:00:04.7","49","--","--","--","--","--","--","--","--","--","00:32:46","00:59:10","--","--"
Zwembad,2024-11-14 10:32:00,false,"Today swim fin paddle pullbuoy","1,050","228","00:36:33","125","159","2.7","--","--","2:15","1:04","--","--","--","--","--","--","--","--","--","--","--","0.0","--","--","--","535","47","23","--","--","--","--","Nee","00:00:01.7","32","--","--","--","--","--","--","--","--","--","00:23:41","00:38:04","--","--"
Hardlopen,2024-11-10 11:14:37,false,"Amsterdam Running","5.05","227","00:26:22","136","169","3.4","174","212","5:13","3:45","14","10","1.09","8.6","9.4","239","--","5:14","--","--","219","0.0","--","216","291","--","--","--","4,536","--","--","--","Nee","00:00:15.0","6","--","--","--","--","--","--","--","--","--","00:26:20","00:26:22","-2","6"
Zwembad,2024-11-08 12:36:30,false,"Pool Swim","925","307","00:46:33","136","182","3.3","--","--","2:17","0:45","--","--","--","--","--","--","--","--","--","--","--","0.0","--","--","--","524","49","25","--","--","--","--","Nee","00:00:09.8","35","--","--","--","--","--","--","--","--","--","00:21:11","00:54:57","--","--"
Indoorcycling,2024-11-07 17:38:18,false,"Indoor Cycling","0.00","131","00:16:33","142","173","3.0","--","--","--","--","--","--","--","--","--","--","--","--","--","--","--","0.0","--","--","--","--","--","--","--","--","--","--","Nee","00:16:33","1","--","--","--","--","--","--","--","--","--","00:00:00","00:16:33","--","--"
Zwembad,2024-11-03 12:32:55,false,"Pool Swim","1,200","335","00:52:44","135","179","3.4","--","--","2:12","0:55","--","--","--","--","--","--","--","--","--","--","--","0.0","--","--","--","634","92","24","--","--","--","--","Nee","00:00:02.1","42","--","--","--","--","--","--","--","--","--","00:26:24","01:01:42","--","--"
Zwembad,2024-11-01 09:03:10,false,"Pool Swim","1,175","2,166","00:41:20","133","167","3.0","--","--","2:29","0:52","--","--","--","--","--","--","--","--","--","--","--","0.0","--","--","--","646","51","22","--","--","--","--","Nee","00:00:04.9","34","--","--","--","--","--","--","--","--","--","00:29:08","00:43:40","--","--"
Hardlopen,2024-10-29 17:08:09,false,"Amsterdam - Base","5.52","270","00:32:23","133","150","3.4","167","231","5:52","3:31","14","10","1.02","9.4","9.6","256","--","5:50","--","--","200","0.0","--","198","336","--","--","--","5,418","--","--","--","Nee","00:00:23.1","7","--","--","--","--","--","--","--","--","--","00:32:17","00:33:39","-1","9"
Zwembad,2024-10-27 13:32:12,false,"Pool Swim","1,850","297","00:42:06","134","161","3.1","--","--","1:40","0:27","--","--","--","--","--","--","--","--","--","--","--","0.0","--","--","--","651","68","21","--","--","--","--","Nee","00:00:03.3","46","--","--","--","--","--","--","--","--","--","00:30:56","00:59:59","--","--"
Hardlopen,2024-10-26 13:06:40,false,"Amsterdam Running","8.58","454","00:50:15","149","162","4.3","169","187","5:51","4:13","16","14","1.01","9.3","9.4","254","--","5:52","--","--","197","0.0","--","196","293","--","--","--","8,486","--","--","--","Nee","00:03:32.1","9","--","--","--","--","--","--","--","--","--","00:50:11","00:52:47","4","8"
Hardlopen,2024-10-24 18:56:45,false,"Amsterdam Running","2.24","123","00:14:10","142","147","2.6","165","179","6:19","5:26","1","3","0.94","9.7","9.1","261","--","6:22","--","--","181","0.0","--","179","231","--","--","--","2,366","--","--","--","Nee","00:01:34.4","3","--","--","--","--","--","--","--","--","--","00:14:08","00:14:21","5","7"
Hardlopen,2024-10-24 17:36:14,false,"Amsterdam - Base","9.89","448","00:53:01","134","151","3.6","173","202","5:22","3:44","4","5","1.08","8.7","9.3","242","--","5:20","--","--","215","0.0","--","213","291","--","--","--","9,200","--","--","--","Nee","00:01:07.4","11","--","--","--","--","--","--","--","--","--","00:52:58","01:16:51","3","10"
Hardlopen,2024-10-22 11:57:20,false,"Amsterdam - Base","5.51","253","00:30:17","132","150","3.2","171","231","5:30","3:10","9","5","1.06","8.9","9.4","246","--","5:29","--","--","216","0.0","--","211","335","--","--","--","5,200","--","--","--","Nee","00:02:44.5","6","--","--","--","--","--","--","--","--","--","00:30:09","00:31:47","-0","5"
Hardlopen,2024-10-17 08:32:15,false,"Amsterdam - Base","5.30","248","00:27:04","146","161","3.6","171","209","5:06","3:12","6","8","1.14","8.6","9.8","239","--","5:06","--","--","229","0.0","--","225","354","--","--","--","4,650","--","--","--","Nee","00:01:24.3","6","--","--","--","--","--","--","--","--","--","00:27:00","00:31:04","0","6"
Hardlopen,2024-10-06 15:35:11,false,"Amsterdam - Base","8.02","393","00:43:19","148","166","4.0","170","186","5:24","4:17","12","8","1.08","8.9","9.5","244","--","5:24","--","--","211","0.0","--","209","275","--","--","--","7,448","--","--","--","Nee","00:00:10.2","9","--","--","--","--","--","--","--","--","--","00:43:17","00:47:43","5","12"
Virtueel fietsen,2024-10-01 08:46:37,false,"Zwift - Build and Release [Lite] in France","7.04","106","00:18:23","148","174","2.9","--","--","23.0","56.2","108","--","--","--","--","--","--","--","87","134","111","0.0","--","100","202","--","--","--","--","--","--","--","Nee","00:00:10","26","--","--","--","--","--","--","--","--","--","00:18:20","00:18:22","13","121"
Hardlopen,2024-09-28 17:10:19,false,"Amsterdam Running","8.51","403","00:45:05","146","178","4.3","173","203","5:18","3:36","13","11","1.08","8.7","9.4","241","--","5:18","--","--","213","0.0","--","212","311","--","--","--","7,804","--","--","--","Nee","00:02:12.0","9","--","--","--","--","--","--","--","--","--","00:44:50","00:49:38","1","11"
Hardlopen,2024-09-25 15:45:43,false,"Amsterdam Running","6.10","292","00:38:55","125","145","2.8","161","241","6:23","3:21","5","5","0.97","9.6","9.3","262","--","6:21","--","--","186","0.0","--","181","334","--","--","--","6,308","--","--","--","Nee","00:00:38.6","7","--","--","--","--","--","--","--","--","--","00:38:46","01:04:08","1","5"
Wegwielrennen,2024-09-19 17:47:29,false,"Amsterdam Road Cycling","53.59","972","01:56:33","158","185","5.0","--","--","27.6","38.4","146","71","--","--","--","--","--","--","--","--","--","0.0","--","--","--","--","--","--","--","--","--","16.0","Nee","00:06:57.3","11","26.0","38","13","46","--","--","--","--","--","01:54:45","03:09:17","-80","3"
Hardlopen,2024-09-17 13:15:22,false,"Amsterdam - Base","7.96","363","00:39:43","148","181","3.9","170","195","4:59","3:33","10","14","1.17","8.4","9.8","236","--","5:01","--","--","227","0.0","--","225","332","--","--","--","6,836","--","--","--","Nee","00:01:20.2","9","--","--","--","--","--","--","--","--","--","00:39:29","01:00:10","2","10"
Zwembad,2024-09-15 13:33:18,false,"Pool Swim","1,350","313","00:41:44","141","190","3.1","--","--","2:09","0:39","--","--","--","--","--","--","--","--","--","--","--","0.0","--","--","--","648","88","22","--","--","--","--","Nee","00:00:00.7","41","--","--","--","--","--","--","--","--","--","00:28:59","01:01:09","--","--"
Wegwielrennen,2024-09-14 09:46:01,false,"Amsterdam Road Cycling","70.91","1,120","02:54:06","143","178","4.9","--","--","24.4","37.2","193","153","--","--","--","--","--","--","--","--","--","0.0","--","--","--","--","--","--","--","--","--","14.0","Nee","00:03:03.4","15","27.0","32","18","43","--","--","--","--","--","02:51:20","03:55:12","-142","-98"
Hardlopen,2024-09-13 17:33:40,false,"Amsterdam Running","13.25","673","01:14:05","152","177","4.9","168","245","5:35","4:22","23","19","1.06","9.1","9.6","250","--","5:35","--","--","208","0.0","--","205","287","--","--","--","12,508","--","--","--","Nee","00:01:33.3","14","--","--","--","--","--","--","--","--","--","01:13:54","01:48:55","2","11"
Hardlopen,2024-09-11 15:00:15,false,"Amsterdam Running","10.02","489","00:58:41","136","154","3.6","167","201","5:51","4:05","43","25","1.02","9.4","9.6","257","--","5:52","--","--","197","0.0","--","197","293","--","--","--","9,826","--","--","--","Nee","00:00:09.2","11","--","--","--","--","--","--","--","--","--","00:58:31","01:22:44","-14","10"
Zwemmen in open water,2024-09-08 15:06:30,false,"Mugla Open Water Swimming","227","43","00:05:36.0","131","141","1.4","--","--","2:28","1:41","--","--","--","--","--","--","--","--","--","--","--","0.0","--","--","--","137","16","24","--","--","--","30.0","Nee","00:05:36.0","1","34.0","--","--","--","--","--","--","--","--","00:04:53","00:06:28.6","--","--"
Zwemmen in open water,2024-09-08 08:48:28,false,"Mugla Open Water Swimming","391","69","00:10:55","119","134","1.1","--","--","2:48","1:07","--","--","--","--","--","--","--","--","--","--","--","0.0","--","--","--","--","1","--","--","--","--","29.0","Nee","00:10:55","1","34.0","--","--","--","--","--","--","--","--","00:09:32","00:11:24","--","--"
Hardlopen,2024-09-05 06:57:42,false,"Kusadasi Running","4.52","221","00:29:18","132","155","2.8","164","196","6:29","4:15","92","87","0.93","9.6","8.8","259","--","6:04","--","--","198","0.0","--","185","365","--","--","--","4,892","--","--","--","Nee","00:03:44.5","5","--","--","--","--","--","--","--","--","--","00:29:03","00:47:55","3","78"
Zwemmen in open water,2024-09-02 07:08:15,false,"Antalya Open Water Swimming","817","155","00:23:13","126","165","2.5","--","--","2:51","1:51","--","--","--","--","--","--","--","--","--","--","--","0.0","--","--","--","569","19","26","--","--","--","29.0","Nee","00:03:42.1","3","29.0","--","--","--","--","--","--","--","--","00:21:42","00:29:24","--","--"
Hardlopen,2024-09-01 07:17:00,false,"Kumluca - Base","6.98","350","00:43:37","135","160","3.1","166","250","6:15","4:47","41","27","0.96","9.4","9.0","257","--","6:11","--","--","188","0.0","--","184","292","--","--","--","7,308","--","--","--","Nee","00:05:50.6","7","--","--","--","--","--","--","--","--","--","00:43:21","00:55:35","2","26"
Zwemmen in open water,2024-08-31 14:42:52,false,"Antalya Open Water Swimming","677","154","00:19:55","137","166","2.5","--","--","2:56","1:09","--","--","--","--","--","--","--","--","--","--","--","0.0","--","--","--","426","17","22","--","--","--","30.0","Nee","00:04:34.9","2","31.0","--","--","--","--","--","--","--","--","00:18:15","00:24:57","--","--"
Zwemmen in open water,2024-08-30 14:16:57,false,"Mugla Open Water Swimming","1,053","223","00:30:14","134","150","2.4","--","--","2:52","1:22","--","--","--","--","--","--","--","--","--","--","--","0.0","--","--","--","683","17","22","--","--","--","30.0","Nee","00:01:12.4","3","38.0","--","--","--","--","--","--","--","--","00:29:56","00:32:12","--","--"
Zwemmen in open water,2024-08-30 10:17:24,false,"Mugla Open Water Swimming","1,436","343","00:44:28","139","160","3.0","--","--","3:06","1:43","--","--","--","--","--","--","--","--","--","--","--","0.0","--","--","--","871","17","19","--","--","--","30.0","Nee","00:13:28","3","36.0","--","--","--","--","--","--","--","--","00:43:25","00:46:04","--","--"
Hardlopen,2024-08-26 19:28:08,false,"Dalaman Running","4.58","240","00:29:48","142","156","2.9","162","179","6:31","5:18","5","4","0.96","8.4","8.1","261","50.8% L / 49.3% R","6:28","--","--","177","0.0","--","168","229","--","--","--","4,726","--","--","--","Nee","00:03:36.3","5","--","35","21","42","--","--","--","--","--","00:29:28","00:29:48","10","14"
Multisport,2024-08-24 09:04:08,false,"Ouder-Amstel Multisport","25.72","731","01:33:08","--","176","5.0","--","--","16.6","--","38","53","--","--","--","--","--","--","--","--","--","0.0","--","--","--","--","--","--","--","--","--","--","Nee","--:--:--","5","--","--","--","--","--","--","--","--","--","--:--:--","01:33:12","-5","12"
Hardlopen,2024-08-21 17:09:56,false,"Amsterdam - 30 min easy","6.54","304","00:36:45","142","176","3.7","160","196","5:37","2:59","23","23","1.07","8.4","8.9","253","--","5:37","--","--","226","0.0","--","201","436","--","--","--","5,974","--","--","--","Nee","00:00:06.6","8","--","--","--","--","--","--","--","--","--","00:36:33","00:38:49","1","10"
Zwembad,2024-08-20 15:32:12,false,"2*600m; 2*250m; 4*(75,50,25)","1,800","279","00:53:07","118","149","2.0","--","--","2:22","1:49","--","--","--","--","--","--","--","--","--","--","--","0.0","--","--","--","1019","50","24","--","--","--","--","Nee","00:00:02.6","41","--","--","--","--","--","--","--","--","--","00:42:35","00:53:57","--","--"
Hardlopen,2024-08-19 17:53:53,false,"Amsterdam - 30 min easy; 10 min fast!","9.34","458","00:55:18","145","180","3.9","159","215","5:55","3:57","25","23","1.03","8.8","9.0","275","--","5:55","--","--","210","0.0","--","188","306","--","--","--","8,716","--","--","--","Nee","00:00:17.9","12","--","--","--","--","--","--","--","--","--","00:55:06","00:56:12","0","9"
Hardlopen,2024-08-17 16:57:56,false,"Amsterdam Running","4.12","176","00:20:46","136","158","2.6","167","187","5:02","3:35","8","3","1.17","8.6","10.0","240","--","5:01","--","--","230","0.0","--","227","310","--","--","--","3,514","--","--","--","Nee","00:00:36.7","5","--","--","--","--","--","--","--","--","--","00:20:44","00:33:10","1","7"
Wegwielrennen,2024-08-17 10:41:44,false,"Ouder-Amstel Road Cycling","26.47","470","01:00:40","151","171","3.4","--","--","26.2","37.9","62","52","--","--","--","--","--","--","--","--","--","0.0","--","--","--","--","--","--","--","--","--","23.0","Nee","00:04:12.3","6","29.0","38","20","48","--","--","--","--","--","01:00:30","01:20:53","-5","7"
Wegwielrennen,2024-08-17 10:04:14,false,"Amsterdam Road Cycling","12.48","216","00:29:36","138","164","2.7","--","--","25.3","36.2","29","35","--","--","--","--","--","--","--","--","--","0.0","--","--","--","--","--","--","--","--","--","21.0","Nee","00:05:32.6","3","27.0","31","17","43","--","--","--","--","--","00:29:26","00:34:53","-4","8"
Wegwielrennen,2024-08-15 17:43:47,false,"Amsterdam Road Cycling","67.10","1,033","02:17:04","153","180","5.0","--","--","29.4","43.1","109","108","--","--","--","--","--","--","--","--","--","0.0","--","--","--","--","--","--","--","--","--","19.0","Nee","00:05:24.0","14","30.0","36","19","46","--","--","--","--","--","02:16:50","02:46:27","-3","9"
Hardlopen,2024-08-14 20:20:46,false,"Amsterdam - 6,20,6; P:2,4 min","6.68","318","00:50:22","116","138","2.6","149","231","7:33","5:03","10","7","0.90","9.9","8.7","283","--","7:27","--","--","166","0.0","--","150","258","--","--","--","7,648","--","--","--","Nee","00:00:10.9","12","--","--","--","--","--","--","--","--","--","00:50:13","00:50:46","2","7"
Zwembad,2024-08-13 13:02:02,false,"Pool Swim","1,650","332","00:53:41","131","164","2.7","--","--","2:03","0:22","--","--","--","--","--","--","--","--","--","--","--","0.0","--","--","--","853","44","25","--","--","--","--","Nee","00:00:01.1","62","--","--","--","--","--","--","--","--","--","00:33:49","00:59:46","--","--"
Zwembad,2024-08-12 18:45:44,false,"Pool Swim","950","171","00:30:09","122","152","2.0","--","--","2:11","0:57","--","--","--","--","--","--","--","--","--","--","--","0.0","--","--","--","500","92","24","--","--","--","--","Nee","00:00:18.6","18","--","--","--","--","--","--","--","--","--","00:20:47","00:43:02","--","--"
Hardlopen,2024-08-12 12:27:01,false,"Amsterdam - 6,20,6; P:2,4 min","8.16","407","00:50:48","146","170","3.5","158","189","6:14","3:33","10","10","1.02","7.4","7.7","256","49.9% L / 50.1% R","6:10","--","--","184","0.0","--","165","326","--","--","--","7,944","--","--","--","Nee","00:00:21.3","14","--","34","13","44","--","--","--","--","--","00:50:35","00:51:31","1","6"
Zwemmen in open water,2024-08-11 09:46:50,false,"Amsterdam Open Water Swimming","1,599","384","00:50:46","142","154","3.0","--","--","3:10","1:47","--","--","--","--","--","--","--","--","--","--","--","0.0","--","--","--","--","1","--","--","--","--","23.0","Nee","00:03:17.4","4","25.0","--","--","--","--","--","--","--","--","00:48:19","00:56:45","--","--"
Peddelsurfen,2024-08-10 15:38:51,false,"Amsterdam Stand Up Paddleboarding","3.73","270","01:04:59","111","148","1.8","--","--","17:25","7:34","--","--","--","--","--","--","--","--","--","--","--","0.0","--","--","--","1518","--","--","--","--","--","--","Nee","00:15:06","4","--","--","--","--","--","--","--","--","--","00:57:51","01:15:12","--","--"
Multisport,2024-08-10 08:19:39,false,"Amsterdam Multisport","31.33","733","01:27:47","--","181","5.0","--","--","21.4","--","88","90","--","--","--","--","--","--","--","--","--","0.0","--","--","--","--","--","--","--","--","--","--","Nee","--:--:--","3","--","--","--","--","--","--","--","--","--","--:--:--","01:35:46","-2","20"
Yoga,2024-08-08 07:27:46,false,"Yoga","--","41","00:29:49","69","95","0.0","--","--","--","--","--","--","--","--","--","--","--","--","--","--","--","0.0","--","--","--","--","--","--","--","--","1","--","Nee","00:29:49","1","--","20","11","24","-19","42","23","38","87","00:29:49","00:29:49","--","--"
Zwembad,2024-08-06 12:30:42,false,"Pool Swim","1,850","2,227","00:57:55","129","158","2.6","--","--","2:01","0:51","--","--","--","--","--","--","--","--","--","--","--","0.0","--","--","--","931","43","25","--","--","--","--","Nee","00:00:02.1","78","--","--","--","--","--","--","--","--","--","00:37:18","01:06:39","--","--"
Hardlopen,2024-08-05 18:46:23,false,"Amsterdam - 2*(5,4,3,2)","7.77","379","00:51:54","129","154","3.1","145","236","6:41","3:33","11","11","0.97","9.3","9.0","287","--","6:36","--","--","184","0.0","--","161","306","--","--","--","7,930","--","--","--","Nee","00:00:10.4","20","--","--","--","--","--","--","--","--","--","00:51:52","00:51:54","2","7"
Wegwielrennen,2024-08-04 09:11:52,false,"Amsterdam Road Cycling","106.02","1,592","04:02:23","152","180","5.0","--","--","26.2","47.4","191","185","--","--","--","--","--","--","--","--","--","0.0","--","--","--","--","--","--","--","--","--","19.0","Nee","00:03:12.8","22","28.0","35","15","46","--","--","--","--","--","04:01:13","05:42:49","-3","34"
Wegwielrennen,2024-08-01 17:48:07,false,"Amsterdam Road Cycling","66.57","867","02:15:51","143","176","3.7","--","--","29.4","45.4","96","100","--","--","--","--","--","--","--","--","--","0.0","--","--","--","--","--","--","--","--","--","19.0","Nee","00:03:30.5","14","26.0","--","--","--","--","--","--","--","--","02:14:14","02:57:36","-4","9"
Hardlopen,2024-07-31 18:19:17,false,"Amsterdam - 2*7 min Run","4.03","189","00:24:22","139","169","2.9","155","250","6:03","3:43","11","12","1.02","9.0","9.2","265","--","6:04","--","--","200","0.0","--","183","296","--","--","--","3,860","--","--","--","Nee","00:01:00","8","--","--","--","--","--","--","--","--","--","00:24:20","00:25:31","3","8"
Fietsen,2024-07-31 17:12:29,false,"Amsterdam Cycling","7.82","150","00:22:42","131","153","2.2","--","--","20.7","30.2","7","8","--","--","--","--","--","--","--","--","--","0.0","--","--","--","--","--","--","--","--","--","--","Nee","00:08:24.5","2","--","--","--","--","--","--","--","--","--","00:22:17","00:31:41","2","7"
Fietsen,2024-07-31 08:03:57,false,"Amsterdam Cycling","9.19","205","00:27:27","143","166","2.9","--","--","20.1","35.7","16","11","--","--","--","--","--","--","--","--","--","0.0","--","--","--","--","--","--","--","--","--","--","Nee","00:12:27","2","--","--","--","--","--","--","--","--","--","00:24:00","00:28:43","2","11"
Zwembad,2024-07-30 18:31:48,false,"Pool Swim","1,825","354","00:50:05","140","167","2.8","--","--","2:08","0:51","--","--","--","--","--","--","--","--","--","--","--","0.0","--","--","--","917","45","23","--","--","--","--","Nee","00:00:01.7","60","--","--","--","--","--","--","--","--","--","00:39:03","01:02:16","--","--"
Hardlopen,2024-07-29 18:02:06,false,"Amsterdam - 2*7 min Run","5.17","256","00:33:40","137","160","2.9","161","178","6:30","4:11","12","8","0.95","8.0","7.7","276","50.3% L / 49.7% R","6:29","--","--","170","0.0","--","163","271","--","--","--","5,404","--","--","--","Nee","00:00:50.2","9","--","33","20","41","--","--","--","--","--","00:33:33","00:36:37","1","7"
Zwembad,2024-07-28 17:02:52,false,"Pool Swim","750","136","00:16:21","148","167","2.5","--","--","2:11","1:58","--","--","--","--","--","--","--","--","--","--","--","0.0","--","--","--","391","46","24","--","--","--","--","Nee","00:16:21","1","--","--","--","--","--","--","--","--","--","00:16:21","00:16:48","--","--"
Wegwielrennen,2024-07-27 11:50:54,false,"Amsterdam Road Cycling","39.02","657","01:28:44","149","171","3.7","--","--","26.4","41.8","91","87","--","--","--","--","--","--","--","--","--","0.0","--","--","--","--","--","--","--","--","--","24.0","Nee","00:09:24.7","8","29.0","37","18","47","--","--","--","--","--","01:28:33","01:37:11","-4","12"
Virtueel fietsen,2024-07-25 19:15:52,false,"Zwift - 3*20min fast P:5min in Watopia","46.75","572","01:32:46","144","179","4.5","--","--","30.2","62.0","361","--","--","--","--","--","--","--","61","113","126","0.0","146","107","456","--","--","--","--","--","--","--","Nee","00:00:44","9","--","--","--","--","--","--","--","--","--","01:32:42","01:32:45","11","83"
Fietsen,2024-07-25 16:52:52,false,"Amsterdam Cycling","7.10","101","00:22:28","111","140","1.1","--","--","18.9","32.7","7","10","--","--","--","--","--","--","--","--","--","0.0","--","--","--","--","--","--","--","--","--","--","Nee","00:06:00.5","2","--","--","--","--","--","--","--","--","--","00:21:38","00:29:38","1","8"
Fietsen,2024-07-25 14:36:00,false,"Amsterdam Cycling","8.99","176","00:28:13","129","158","2.3","--","--","19.1","31.2","7","14","--","--","--","--","--","--","--","--","--","0.0","--","--","--","--","--","--","--","--","--","--","Nee","00:12:46","2","--","--","--","--","--","--","--","--","--","00:26:48","00:30:55","2","9"
Yoga,2024-07-25 07:03:03,false,"Yoga","--","37","00:18:53","78","104","0.1","--","--","--","--","--","--","--","--","--","--","--","--","--","--","--","0.0","--","--","--","--","--","--","--","--","1","--","Nee","00:18:53","1","--","15","12","18","17","15","32","57","90","00:18:53","00:18:53","--","--"
Hardlopen,2024-07-24 15:34:46,false,"Amsterdam - 3*(6min P:2min 4min P:1min)","11.28","552","01:08:56","143","169","3.8","160","240","6:07","4:07","18","18","1.00","9.2","9.2","265","--","6:05","--","--","200","0.0","--","187","294","--","--","--","11,116","--","--","--","Nee","00:00:04.9","25","--","--","--","--","--","--","--","--","--","01:08:49","01:12:35","-0","7"
Fietsen,2024-07-24 08:12:55,false,"Amsterdam Cycling","8.64","149","00:26:36","123","155","2.4","--","--","19.5","30.3","10","12","--","--","--","--","--","--","--","--","--","0.0","--","--","--","--","--","--","--","--","--","--","Nee","00:11:21","2","--","--","--","--","--","--","--","--","--","00:24:40","00:30:59","2","9"
Zwembad,2024-07-23 18:30:09,false,"Pool Swim","1,600","283","00:52:13","126","168","2.4","--","--","2:14","1:01","--","--","--","--","--","--","--","--","--","--","--","0.0","--","--","--","804","46","22","--","--","--","--","Nee","00:00:01.2","51","--","--","--","--","--","--","--","--","--","00:35:50","01:05:15","--","--"
Pilates,2024-07-23 08:22:24,false,"Pilates","0.00","53","00:23:45","81","110","0.1","2","149","--","--","--","--","0.00","--","--","--","--","--","--","--","--","0.0","--","--","--","--","--","--","148","74","7","--","Nee","00:23:45","1","--","--","--","--","--","--","--","--","--","00:23:45","00:24:49","--","--"
Hardlopen,2024-07-22 18:18:43,false,"Amsterdam - 3*(6min P:2min 4min P:1min)","11.60","582","01:07:09","157","177","4.5","167","242","5:47","2:57","10","9","1.02","9.3","9.4","255","--","5:47","--","--","210","0.0","--","202","396","--","--","--","11,200","--","--","--","Nee","00:00:09","24","--","--","--","--","--","--","--","--","--","01:07:00","01:07:24","2","6"
Zwembad,2024-07-21 17:02:08,false,"Pool Swim","2,050","303","00:57:29","124","158","2.3","--","--","2:26","1:52","--","--","--","--","--","--","--","--","--","--","--","0.0","--","--","--","1156","101","23","--","--","--","--","Nee","00:00:01.0","25","--","--","--","--","--","--","--","--","--","00:49:58","01:00:21","--","--"
Fietsen,2024-07-20 09:48:19,false,"Haarlemmermeer Cycling","73.36","1,140","03:06:41","144","176","4.5","--","--","23.6","35.2","141","140","--","--","--","--","--","--","--","--","--","0.0","--","--","--","--","--","--","--","--","--","--","Nee","00:00:11.3","16","--","--","--","--","--","--","--","--","--","02:57:49","04:22:02","-2","22"
Wegwielrennen,2024-07-20 08:52:40,false,"Amsterdam Road Cycling","97.66","1,523","03:58:06","145","178","4.5","--","--","24.6","38.0","213","218","--","--","--","--","--","--","--","--","--","0.0","--","--","--","--","--","--","--","--","--","23.0","Nee","00:07:50.8","20","41.0","--","--","--","--","--","--","--","--","03:57:06","05:19:02","-2","24"
Fietsen,2024-07-20 00:41:25,false,"Amsterdam Cycling","8.28","123","00:30:56","108","136","0.8","--","--","16.1","24.5","18","16","--","--","--","--","--","--","--","--","--","0.0","--","--","--","--","--","--","--","--","--","--","Nee","00:11:37","2","--","--","--","--","--","--","--","--","--","00:30:34","00:31:16","1","9"
Fietsen,2024-07-19 17:53:33,false,"Amsterdam Cycling","6.65","127","00:22:39","123","153","2.0","--","--","17.6","31.0","13","11","--","--","--","--","--","--","--","--","--","0.0","--","--","--","--","--","--","--","--","--","--","Nee","00:05:12.0","2","--","--","--","--","--","--","--","--","--","00:19:43","01:33:49","-1","8"
Wegwielrennen,2024-07-18 17:04:43,false,"Amsterdam Road Cycling","46.70","609","01:52:41","138","169","3.3","--","--","24.9","36.6","81","87","--","--","--","--","--","--","--","--","--","0.0","--","--","--","--","--","--","--","--","--","24.0","Nee","00:04:22.9","10","29.0","31","17","38","--","--","--","--","--","01:52:19","02:14:27","-3","10"
Hardlopen,2024-07-17 18:23:44,false,"Amsterdam - 4*5 min Run","5.04","251","00:33:03","137","160","3.1","157","179","6:33","4:04","7","7","0.95","9.9","9.4","276","--","6:31","--","--","183","0.0","--","177","292","--","--","--","5,290","--","--","--","Nee","00:01:00","10","--","--","--","--","--","--","--","--","--","00:33:01","00:33:21","2","6"
Fietsen,2024-07-17 17:07:40,false,"Amsterdam Cycling","9.28","111","00:30:05","102","139","1.0","--","--","18.5","27.5","18","13","--","--","--","--","--","--","--","--","--","0.0","--","--","--","--","--","--","--","--","--","--","Nee","00:14:19","2","--","--","--","--","--","--","--","--","--","00:28:04","00:30:05","0","8"
Fietsen,2024-07-17 08:10:18,false,"Amsterdam Cycling","8.79","198","00:27:29","142","168","3.1","--","--","19.2","29.4","12","14","--","--","--","--","--","--","--","--","--","0.0","--","--","--","--","--","--","--","--","--","--","Nee","00:12:12","2","--","--","--","--","--","--","--","--","--","00:25:06","00:29:58","1","8"
Zwembad,2024-07-16 18:31:12,false,"Pool Swim","1,900","2,193","00:53:22","136","177","2.8","--","--","2:09","0:51","--","--","--","--","--","--","--","--","--","--","--","0.0","--","--","--","985","45","24","--","--","--","--","Nee","00:00:03.4","43","--","--","--","--","--","--","--","--","--","00:40:46","01:00:38","--","--"
Hardlopen,2024-07-15 16:35:14,false,"Amsterdam - 4*5 min Run","5.19","252","00:31:41","145","179","3.3","155","192","6:06","3:25","8","8","1.01","9.3","9.4","268","--","6:09","--","--","196","0.0","--","181","338","--","--","--","5,100","--","--","--","Nee","00:01:00","10","--","--","--","--","--","--","--","--","--","00:31:20","00:31:55","2","7"
Zwembad,2024-07-14 14:37:53,false,"Pool Swim","800","144","00:21:25","135","155","2.2","--","--","2:31","0:41","--","--","--","--","--","--","--","--","--","--","--","0.0","--","--","--","476","105","24","--","--","--","--","Nee","00:00:05.7","8","--","--","--","--","--","--","--","--","--","00:20:05","00:24:50","--","--"
Zwembad,2024-07-14 14:10:06,false,"Pool Swim","475","169","00:25:53","135","152","2.3","--","--","4:49","1:50","--","--","--","--","--","--","--","--","--","--","--","0.0","--","--","--","524","100","23","--","--","--","--","Nee","00:00:08.4","11","--","--","--","--","--","--","--","--","--","00:22:54","00:26:51","--","--"
Virtueel fietsen,2024-07-13 18:22:31,false,"Zwift - 3*15min fast P:4min in Watopia","45.38","576","01:28:19","149","178","4.7","--","--","30.8","48.2","184","--","--","--","--","--","--","--","64","97","127","0.0","133","113","402","--","--","--","--","--","--","--","Nee","00:00:34","9","--","--","--","--","--","--","--","--","--","01:28:04","01:28:58","-6","20"
Wegwielrennen,2024-07-11 19:03:03,false,"Amsterdam Road Cycling","8.13","163","00:22:14","147","168","2.7","--","--","21.9","34.4","17","18","--","--","--","--","--","--","--","--","--","0.0","--","--","--","--","--","--","--","--","--","20.0","Nee","00:08:53.1","2","24.0","33","24","40","--","--","--","--","--","00:22:09","00:24:17","1","8"
Wegwielrennen,2024-07-11 17:33:55,false,"Amsterdam Road Cycling","31.52","581","01:15:56","157","176","4.4","--","--","24.9","33.4","46","44","--","--","--","--","--","--","--","--","--","0.0","--","--","--","--","--","--","--","--","--","19.0","Nee","00:04:55.0","7","26.0","35","23","41","--","--","--","--","--","01:15:43","01:22:45","-4","5"
Wegwielrennen,2024-07-11 16:53:47,false,"Amsterdam Road Cycling","9.25","196","00:26:55","149","171","3.0","--","--","20.6","32.0","20","19","--","--","--","--","--","--","--","--","--","0.0","--","--","--","--","--","--","--","--","--","22.0","Nee","00:13:17","2","25.0","32","23","37","--","--","--","--","--","00:26:47","00:28:27","0","7"
Hardlopen,2024-07-10 18:30:05,false,"Amsterdam - 5*3 min Run","4.11","200","00:26:53","139","159","3.0","151","179","6:33","4:54","8","9","0.98","9.7","9.5","282","--","6:30","--","--","193","0.0","--","180","278","--","--","--","4,160","--","--","--","Nee","00:01:00","12","--","--","--","--","--","--","--","--","--","00:26:52","00:26:53","2","9"
Zwembad,2024-07-09 18:31:29,false,"Pool Swim","1,325","2,146","00:45:06","134","166","2.6","--","--","1:58","0:50","--","--","--","--","--","--","--","--","--","--","--","0.0","--","--","--","593","41","23","--","--","--","--","Nee","00:00:03.7","56","--","--","--","--","--","--","--","--","--","00:26:02","01:00:38","--","--"
Hardlopen,2024-07-08 07:26:01,false,"Amsterdam - 5*3 min Run","3.55","182","00:25:14","141","159","3.0","156","178","7:07","5:16","12","12","0.92","8.1","7.6","295","50.7% L / 49.3% R","7:02","--","--","164","0.0","--","152","235","--","--","--","3,874","--","--","--","Nee","00:00:14.4","12","--","32","20","39","--","--","--","--","--","00:25:13","00:25:14","3","8"
Virtueel fietsen,2024-07-07 11:44:27,false,"Zwift - 5*7min fast P:2min in Scotland","34.93","406","01:16:09","137","172","3.9","--","--","27.5","57.5","287","--","--","--","--","--","--","--","64","113","115","0.0","113","93","401","--","--","--","--","--","--","--","Nee","00:01:07","13","--","--","--","--","--","--","--","--","--","01:16:05","01:16:08","22","54"
Krachttraining,2024-07-06 14:22:59,false,"Strength","0.00","148","00:38:07","112","142","1.2","--","--","--","--","--","--","--","--","--","--","--","--","--","--","--","0.0","--","--","--","--","--","--","392","196","17","--","Nee","00:38:07","1","--","--","--","--","--","--","--","--","--","00:17:28","00:38:07","--","--"
Zwembad,2024-07-05 13:30:17,false,"Pool Swim","1,700","291","00:48:51","139","186","3.3","--","--","2:10","1:34","--","--","--","--","--","--","--","--","--","--","--","0.0","--","--","--","851","45","23","--","--","--","--","Nee","00:00:01.1","53","--","--","--","--","--","--","--","--","--","00:36:43","00:59:01","--","--"
Wegwielrennen,2024-07-04 18:38:07,false,"Amsterdam Road Cycling","38.27","708","01:28:17","167","181","5.0","--","--","26.0","40.3","80","79","--","--","--","--","--","--","--","--","--","0.0","--","--","--","--","--","--","--","--","--","17.0","Nee","00:09:58.2","8","20.0","37","21","44","--","--","--","--","--","01:28:11","01:30:11","-2","10"
Wegwielrennen,2024-07-04 18:11:08,false,"Amsterdam Road Cycling","3.94","86","00:12:19","143","169","2.3","--","--","19.2","37.5","18","12","--","--","--","--","--","--","--","--","--","0.0","--","--","--","--","--","--","--","--","--","17.0","Nee","00:12:19","1","25.0","28","20","36","--","--","--","--","--","00:10:18","00:12:57","0","11"
Indoorcycling,2024-07-01 19:12:54,false,"Amsterdam Indoor Cycling","8.17","144","00:25:12","131","153","2.1","--","--","19.5","31.5","--","--","--","--","--","--","--","--","--","--","--","0.0","--","--","--","--","--","--","--","--","--","18.0","Nee","00:25:12","1","20.0","27","18","33","--","--","--","--","--","00:24:03","00:27:55","--","--"
Indoorcycling,2024-07-01 18:04:49,false,"Amsterdam road Cycling","26.25","392","01:04:43","140","164","3.1","--","--","24.3","31.7","--","--","--","--","--","--","--","--","--","--","--","0.0","--","--","--","--","--","--","--","--","--","18.0","Nee","01:04:43","1","23.0","30","22","37","--","--","--","--","--","01:04:05","01:04:43","--","--"
Indoorcycling,2024-07-01 15:14:20,false,"Amsterdam road Cycling","8.53","201","00:31:39","137","179","3.0","--","--","16.2","35.4","--","--","--","--","--","--","--","--","--","--","--","0.0","--","--","--","--","--","--","--","--","--","18.0","Nee","00:31:39","1","29.0","28","19","37","--","--","--","--","--","00:25:10","02:40:55","--","--"
Wandelen,2024-06-26 09:07:14,false,"Dalaman Walking","1.09","61","00:12:25","129","153","0.9","108","223","11:25","6:31","--","4","0.81","--","--","--","--","--","--","--","--","0.0","--","--","--","--","--","--","1,508","--","--","--","Nee","00:01:22.9","2","--","--","--","--","--","--","--","--","--","00:12:11","00:12:25","11","15"
Hardlopen,2024-06-26 08:35:13,false,"Dalaman - Base","4.05","205","00:24:55","159","177","3.5","157","179","6:09","4:49","8","3","1.01","9.5","9.6","267","--","6:06","--","--","190","0.0","--","183","240","--","--","--","3,970","--","--","--","Nee","00:00:20.3","5","--","--","--","--","--","--","--","--","--","00:24:54","00:29:58","9","16"
Hardlopen,2024-06-21 18:48:46,false,"Dalaman Running","2.47","124","00:19:24","134","159","2.3","149","180","7:51","5:50","62","68","0.87","8.4","7.3","301","49.7% L / 50.3% R","7:30","--","--","160","0.0","--","145","239","--","--","--","2,852","--","--","--","Nee","00:04:01.3","3","--","30","19","37","--","--","--","--","--","00:19:22","00:19:24","267","324"
Zwemmen in open water,2024-06-21 12:58:48,false,"Mugla Open Water Swimming","359","57","00:11:13","128","152","1.1","--","--","3:08","1:50","--","--","--","--","--","--","--","--","--","--","--","0.0","--","--","--","241","18","22","--","--","--","30.0","Nee","00:11:13","1","31.0","--","--","--","--","--","--","--","--","00:10:14","00:41:06","--","--"
